https://assets.venge.io/Scar-ColourfulPolygons.png; Polyblast; Scar; Uncommon
https://assets.venge.io/Sniper-Diffuse.png; Mauve; Sniper; Uncommon
https://assets.venge.io/Scar-Golden.png; Blissful; Scar; Legendary
https://assets.venge.io/Scar-Red.png; Crimson; Scar; Common
https://assets.venge.io/Scar-Outlines.png; Outlines; Scar; Legendary
https://assets.venge.io/Scar-GG.png; Pearlescent; Scar; Rare
https://assets.venge.io/Scar-Diffuse-Thumbnail.png; Shallow; Scar; Common
https://assets.venge.io/Shotgun-Galaxy.png; Galaxy; Shotgun; Rare
https://assets.venge.io/Shotgun-Plasma-Thumbnail.png; Plasma; Shotgun; Common
https://assets.venge.io/Shotgun-Golden.png; Blissful; Shotgun; Legendary
https://assets.venge.io/Sniper-Sky.png; Sky; Sniper; Uncommon
https://assets.venge.io/Sniper-GG.png; Pearlescent; Sniper; Rare
https://assets.venge.io/Sniper-Plasma-Thumbnail.png; Plasma; Sniper; Uncommon
https://assets.venge.io/Sniper-RGB.png; Flare; Sniper; Rare
https://assets.venge.io/Tec9-Golden.png; Blissful; Tec9; Legendary
https://assets.venge.io/Tec9-Outlines.png; Outlines; Tec9; Rare
https://assets.venge.io/Tec9-Sky.png; Sky; Tec9; Uncommon
https://assets.venge.io/Shin-Thumbnail-2.png; Whirl; Dance; Legendary
https://assets.venge.io/Scar-Fire-Animated-Thumbnail.png; Blaze; Scar; Mythical
https://assets.venge.io/Scar-Bedtime-Thumbnail.png; Bedtime; Scar; Rare
https://assets.venge.io/Scar-Candy-Thumbnail.png; Candy; Scar; Uncommon
https://assets.venge.io/Scar-Electron-Thumbnail.png; Electron; Scar; Rare
https://assets.venge.io/Scar-Green-Thumbnail.png; Citrus; Scar; Common
https://assets.venge.io/Scar-Paintspill-Thumbnail.png; Paintspill; Scar; Common
https://assets.venge.io/Scar-Spotted-Thumbnail.png; Speckle; Scar; Uncommon
https://assets.venge.io/Shotgun-Flames-Thumbnail.png; Inferno; Shotgun; Rare
https://assets.venge.io/Scar-Anime.png; Ichiban; Scar; Uncommon
https://assets.venge.io/Scar-Thumbnail-Breach.png; Breach; Scar; Common
https://assets.venge.io/Scar-Thumbnail-DaBee.png; Bumble; Scar; Uncommon
https://assets.venge.io/Scar-Inferno-Thumbnail.png; Inferno; Scar; Rare
https://assets.venge.io/Scar-Lava-Thumbnail.png; Lava; Scar; Common
https://assets.venge.io/Sniper-Beam-Thumbnail.png; Frost; Sniper; Common
https://assets.venge.io/Sniper-Lava-Thumbnail.png; Lava; Sniper; Common
https://assets.venge.io/Pepe-Charm.png; Pepe; Charm; Uncommon
https://assets.venge.io/Doge-Charm.png; Doge; Charm; Rare
https://assets.venge.io/Scar-Papyrus.png; Papyrus; Scar; Rare
https://assets.venge.io/equator-thumbnail.png; Equator; Sniper; Legendary
https://assets.venge.io/polar-thumbnail.png; Polar; Tec9; Rare
https://assets.venge.io/Sniper-Lilium-Thumbnail.png; Pretty Girl; Sniper; Legendary
https://assets.venge.io/Ghost-Scar-Thumbnail.png; Ghost; Scar; Common
https://assets.venge.io/Hazard-Scar-thumbnail.png; Hazard; Scar; Uncommon
https://assets.venge.io/shotgun-inheritence-thumbnail.png; Inheritance; Shotgun; Uncommon
https://assets.venge.io/Scales-The-Scar-thumbnail.png; Gator; Scar; Rare
https://assets.venge.io/scar-sugar-diffuse-thumbnail.png; Sugar; Scar; Common
https://assets.venge.io/Scar-Mango-Thumbnail.png; Mango; Scar; Common
https://assets.venge.io/Tec-9-OLEDS.png; OLED; Tec9; Mythical
https://assets.venge.io/Crown-Charm.png; Crown; Charm; Common
https://assets.venge.io/Watermelon-Charm.png; Watermelon; Charm; Common
https://assets.venge.io/BongoCat-Charm.png; Bongo Cat; Charm; Uncommon
https://assets.venge.io/Trophy-Charm.png; Venge Tournament Trophy; Charm; Tournament
https://assets.venge.io/Zombie-Tec9-Thumbnail.png; Carnage; Tec9; Legendary-Halloween
https://assets.venge.io/A-Night-Hunt-Shotgun-Thumbnail.png; Nighthunt; Shotgun; Uncommon-Halloween
https://assets.venge.io/Paroxysm-Sniper-Thumbnail.png; Paroxysm; Sniper; Mythical-Halloween
https://assets.venge.io/Scar-Bones-Thumbnail.png; Bones; Scar; Legendary-Halloween
https://assets.venge.io/Pyramid-Charm-Thumbnail.png; Pyramid; Charm; Uncommon
https://assets.venge.io/Caution-Tec-9-Thumbnail.png; Caution; Tec9; Rare
https://assets.venge.io/Echo-Thumbnail-2.png; True Born; Dance; Rare
https://assets.venge.io/Skull-Charm.png; Skull; Charm; Common
https://assets.venge.io/Teddy-Charm.png; Teddy Bear; Charm; Common
https://assets.venge.io/BioHazard-Scar-Thumbnail.png; BioHazard; Scar; Uncommon
https://assets.venge.io/Llama-Charm.png; Llama; Charm; Legendary
https://assets.venge.io/Chick-Charm-Thumbnail.png; Chick Charm; Charm; Common
https://assets.venge.io/Weapon-Sniper-Camo-Thumbnail.png; Camo Sniper; Sniper; Common
https://assets.venge.io/Weapon-Tec-9.png; Streak; Tec9; Common
https://assets.venge.io/Can-Charm.png; Venge Soda; Charm; Common
https://assets.venge.io/Sniper-Eye-Thumbnail.png; Eye of Horus; Sniper; Rare
https://assets.venge.io/Zeus-Scar-Thumbnail.png; Gaze of Zeus; Scar; Legendary
https://assets.venge.io/Verification-Charm.png; Verification Charm; Charm; None
https://assets.venge.io/Weapon-Rosa-Thumbnail.png; Rosa; Shotgun; Uncommon
https://assets.venge.io/Scar-Medusa-Thumbnail.png; Medusa; Scar; Legendary
https://assets.venge.io/Weapon-Mercenary-Thumbnail.png; Mercenary; Scar; Rare
https://assets.venge.io/Weapon-Tec-9-Syndicate-Thumbnail.png; Syndicate; Tec9; Rare
https://assets.venge.io/Weapon-Scar-Brigand-Thumbnail.png; Brigand; Scar; Uncommon
https://assets.venge.io/Weapon-Imperial-Thumbnail.png; Imperial; Shotgun; Rare
https://assets.venge.io/Scar-Camo-Thumbnail.png; Camo; Scar; Common
https://assets.venge.io/scar-cherryblossom-1-thumbnail.png; Blossom; Scar; Rare
https://assets.venge.io/scar-christmas-helper-thumbnail.png; Christmas Helper; Scar; Xmas-2020
https://assets.venge.io/scar-frozen-j-thumbnail.png; Frozen; Scar; Xmas-2020
https://assets.venge.io/Scar-rover-thumbnail.png; Rover; Scar; Uncommon
https://assets.venge.io/scar-royal-gift-thumbnail.png; Royal Gift; Scar; Xmas-2020
https://assets.venge.io/Scar-sector25-thumbnail.png; Sector 25; Scar; Common
https://assets.venge.io/shotgun-christmas-night-thumbnail.png; Christmas Night; Shotgun; Xmas-2020
https://assets.venge.io/shotgun-madness-thumbnail.png; Madness; Shotgun; Rare
https://assets.venge.io/Shotgun-Model-HS-12-Diffuse-thumbnail.png; Camo; Shotgun; Common
https://assets.venge.io/shotgun-retroset-thumbnail.png; Retroset; Shotgun; Uncommon
https://assets.venge.io/shotgun-royal-gift-thumbnail.png; Royal Gift; Shotgun; Xmas-2020
https://assets.venge.io/sniper-christmas-helper-thumbnail.png; Christmas Helper; Sniper; Xmas-2020
https://assets.venge.io/sniper-death-viper-2k-thumbnail.png; Death Viper; Sniper; Uncommon
https://assets.venge.io/sniper-layers-thumbnail.png; Layers; Sniper; Rare
https://assets.venge.io/sniper-royal-gift-thumbnail.png; Royal Gift; Sniper; Xmas-2020
https://assets.venge.io/sniper-sweet-present-thumbnail.png; Sweet Present; Sniper; Xmas-2020
https://assets.venge.io/tec-emergency-thumbnail.png; Emergency; Tec9; Common
https://assets.venge.io/tec9-presnet-j-thumbnail.png; Present; Tec9; Xmas-2020
https://assets.venge.io/gingerbreadman-Charm-thumbnail.png; Ginger Breadman; Charm; Xmas-2020
https://assets.venge.io/duck-Charm-thumbnail.png; Duck; Charm; Uncommon
https://assets.venge.io/jinglebell-Charm-thumbnail.png; Jinglebell; Charm; Xmas-2020
https://assets.venge.io/present-Charm-thumbnail.png; Present; Charm; Xmas-2020
https://assets.venge.io/santa-hat-Charm-thumbnail.png; Santa Hat; Charm; Xmas-2020
https://assets.venge.io/Snowman-Charm-thumbnail.png; Snowman; Charm; Xmas-2020
https://assets.venge.io/Weapon-Scar-desert_nights-thumbnail.png; Desert Nights; Scar; Uncommon
https://assets.venge.io/shotgun-drifter-thumbnail.png; Drifter; Shotgun; Common
https://assets.venge.io/shotgun-retroset-thumbnail.png; Retroset; Shotgun; Uncommon
https://assets.venge.io/Weapon-sniper-desert_guard-thumbnail.png; Desert Guard; Sniper; Common
https://assets.venge.io/tec-fadeout-thumbnail.png; Fade Out; Tec9; Rare
https://assets.venge.io/tec9fixed-cherryblossom-thumbnail.png; Blossom; Tec9; Uncommon
https://assets.venge.io/tec9-bliss-thumbnail.png; Bliss; Tec9; Common
https://assets.venge.io/tec-desert-guard-thumbnail.png; Desert Guard; Tec9; Common
https://assets.venge.io/shotgun-nightsky-j-thumbnail.png; Night Sky; Shotgun; Rare
https://assets.venge.io/Hook-Charm-Thumbnail.png; Fishing Hook; Charm; Uncommon
https://assets.venge.io/scar-fadeout-thumbnail.png; Fade Out; Scar; Uncommon
https://assets.venge.io/scar-koi-thumbnail.png; KOI; Scar; Rare
https://assets.venge.io/scar-layers-thumbnail.png; Layers; Scar; Common
https://assets.venge.io/sniperhellgate-j-thumbnail.png; Hell Gate; Sniper; Rare
https://assets.venge.io/tec9-yinyang-thumbnail.png; Yin Yang; Tec9; Rare
https://assets.venge.io/tec9-deamon-j-thumbnail.png; Daemon; Tec9; Uncommon
https://assets.venge.io/envelope-Charm-thumbnail.png; Envelope; Charm; Common
https://assets.venge.io/scar-i-see-you-thumbnail.png; I see you; Scar; Rare
https://assets.venge.io/Charm-Crazy-Emoji.png; Crazy Emoji; Charm; Mythical
https://assets.venge.io/Charm-Dizzy-Emoji.png; Dizzy Emoji; Charm; Mythical
https://assets.venge.io/Charm-DollarSign-Emoji.png; Dollar Sign Emoji; Charm; Mythical
https://assets.venge.io/Charm-Exploding-Emoji.png; Exploding Emoji; Charm; Mythical
https://assets.venge.io/Charm-Mask-Emoji.png; Mask Emoji; Charm; Mythical
https://assets.venge.io/Charm-Rage-Emoji.png; Rage Emoji; Charm; Mythical
https://assets.venge.io/Charm-Smiling-Emoji.png; Smiling Emoji; Charm; Mythical
https://assets.venge.io/Charm-SunGlass-Emoji.png; Sunglass Emoji; Charm; Mythical
https://assets.venge.io/Charm-Thinking-Emoji.png; Thinking Emoji; Charm; Mythical
https://assets.venge.io/Charm-Triumph-Emoji.png; Triumph Emoji; Charm; Mythical
https://assets.venge.io/scar-blaze-thumbnail.png; Flame; Scar; Rare
https://assets.venge.io/scar-defender-thumbnail.png; Defender; Scar; Uncommon
https://assets.venge.io/scar-hunt-thumbnail.png; Hunt; Scar; Common
https://assets.venge.io/shotgun-hero-thumbnail.png; Hero; Shotgun; Common
https://assets.venge.io/shotgun-layers-thumbnail.png; Layers; Shotgun; Common
https://assets.venge.io/shotgun-shinobi-thumbnail.png; Shinobi; Shotgun; Common
https://assets.venge.io/tec-killshot-thumbnail.png; Killshot; Tec9; Common
https://assets.venge.io/tec9-layers-thumbnail.png; Layers; Tec9; Common
https://assets.venge.io/tec-shinobi-thumbnail.png; Shinobi; Tec9; Common
https://assets.venge.io/tec-nuclear-power-thumbnail.png; Nuclear Power; Tec9; Uncommon
https://assets.venge.io/scar-flamingo-thumbnail.png; Flamingo; Scar; Rare
https://assets.venge.io/scar-joker-thumbnail.png; Joker; Scar; Rare
https://assets.venge.io/scar-kitty-thumbnail.png; Kitty; Scar; Uncommon
https://assets.venge.io/scar-monsterfish-thumbnail.png; Monster Fish; Scar; Uncommon
https://assets.venge.io/scar-shark-thumbnail.png; Shark; Scar; Common
https://assets.venge.io/scar-army-seargent-thumbnail.png; Army Seargent; Scar; Common
https://assets.venge.io/scar-exemplar-thumbnail.png; Exemplar; Scar; Common
https://assets.venge.io/scar-fade-thumbnail.png; Fade; Scar; Common
https://assets.venge.io/scar-horizon-thumbnail.png; Horizon; Scar; Common
https://assets.venge.io/scar-mecha-thumbnail.png; Mecha; Scar; Uncommon
https://assets.venge.io/scar-operator-thumbnail.png; Operator; Scar; Common
https://assets.venge.io/scar-prototype-thumbnail.png; Prototype; Scar; Uncommon
https://assets.venge.io/scar-tundra-camo-thumbnail.png; Tundra Camo; Scar; Uncommon
https://assets.venge.io/shotgun-colorfulfox-thumbnail.png; Colorful Fox; Shotgun; Uncommon
https://assets.venge.io/shotgun-heat-thumbnail.png; Heat; Shotgun; Rare
https://assets.venge.io/shotgun-mythicalforest-thumbnail.png; Greenwood; Shotgun; Common
https://assets.venge.io/shotgun-security-thumbnail.png; Security; Shotgun; Rare
https://assets.venge.io/Shotgun-sunset-thumbnail.png; Sunset; Shotgun; Rare
https://assets.venge.io/sniper-lune-thumbnail.png; Lune; Sniper; Common
https://assets.venge.io/sniper-leamon-thumbnail.png; Leamon; Sniper; Common
https://assets.venge.io/Spray-Shuriken.png; Shuriken; Spray; Common
https://assets.venge.io/scar-zima-fix-thumbnail.png; Zima; Scar; Common
https://assets.venge.io/scar-amethyst-thumbnail.png; Amethyst; Scar; Uncommon
https://assets.venge.io/Spray-EZ.png; Shin EZ; Spray; Uncommon
https://assets.venge.io/scar-vibe-thumbnail.png; Vibe; Scar; Rare
https://assets.venge.io/scar-hot-rod-thumbnail.png; Hot Rod; Scar; Rare
https://assets.venge.io/shotgun-earth-thumbnail.png; Earth; Shotgun; Common
https://assets.venge.io/tec9-dna-thumbnail.png; DNA; Tec9; Legendary
https://assets.venge.io/tec-toxic-thumbnail.png; Toxic; Tec9; Legendary
https://assets.venge.io/scar-poison-shots-thumbnail.png; Poison Shots; Scar; Uncommon
https://assets.venge.io/tec-void-thumbnail.png; Void; Tec9; Uncommon
https://assets.venge.io/shotgun-poker-thumbnail.png; Wager; Shotgun; Common
https://assets.venge.io/scar-magic-thumbnail.png; Magic; Scar; Common
https://assets.venge.io/scar-carbon-fiber-thumbnail.png; Carbon Fiber; Scar; Uncommon
https://assets.venge.io/sniper-jawripper-thumbnail.png; Jawripper; Sniper; Rare
https://assets.venge.io/sniper-squirell-thumbnail.png; Squirell; Sniper; Rare
https://assets.venge.io/scar-banzai-thumbnail.png; Banzai; Scar; Rare
https://assets.venge.io/sniper-fallforyou-thumbnail.png; Fall for You; Sniper; Common
https://assets.venge.io/shotgundove-thumbnail.png; Dove; Shotgun; Uncommon
https://assets.venge.io/scar-slick-thumbnail.png; Slick; Scar; Common
https://assets.venge.io/scar-vengeful-snowman-thumbnail.png; Snowman; Scar; Uncommon
https://assets.venge.io/scar-test-dummy-thumbnail.png; Test Dummy; Scar; Rare
https://assets.venge.io/scar-vintage-thumbnail.png; Vintage; Scar; Rare
https://assets.venge.io/Shin-Thumbnail-2.png; Trap; Dance; Legendary
https://assets.venge.io/tec9-medusa-thumbnail.png; Equilibrium; Tec9; Common
https://assets.venge.io/scarangel-thumbnail.png; Angel; Scar; Uncommon
https://assets.venge.io/sniper-tuxedo-thumbnail.png; Tuxedo; Sniper; Common
https://assets.venge.io/scar-battle-hardened-thumbnail.png; Battle Hardened; Scar; Rare
https://assets.venge.io/tec9-flaregun-thumbnail.png; Flare; Tec9; Rare
https://assets.venge.io/scar-Armagedon-thumbnail.png; Armageddon; Scar; Rare
https://assets.venge.io/scar-infernal-judgement-thumbnail.png; Infernal Judgement; Scar; Uncommon
https://assets.venge.io/shotgun-cory-thumbnail.png; Cory; Shotgun; Uncommon
https://assets.venge.io/BloodPatch-Texture-thumbnail.png; Blood Patch; Sniper; Rare
https://assets.venge.io/snipercybelady-thumbnail.png; Cyberlady; Sniper; Rare
https://assets.venge.io/Owned-Spray.png; pwned; Spray; Rare
https://assets.venge.io/Shuriken-Charm-thumbnail.png; Shuriken; Charm; Legendary
https://assets.venge.io/Lilium-Agent-Thumbnail.png; Agent Lilium; Lilium; Mythical
https://assets.venge.io/tec9-anubis_thumbnail.png; Anubis; Tec9; Rare
https://assets.venge.io/shotgun-chase_thumbnail.png; Chase; Shotgun; Uncommon
https://assets.venge.io/scar_slimedrip_thumbnail.png; Slime Drip; Scar; Rare
https://assets.venge.io/Shins-Head-thumbnail.png; Shin's Head; Charm; Rare
https://assets.venge.io/tec-nitro-thumbnail.png; Nitro; Tec9; Rare
https://assets.venge.io/M4-thumbnail-apocalyse_survivor.png; Apocalyse Survivor; M4; Rare
https://assets.venge.io/scaropenfire_thumbnail.png; Open Fire; Scar; Uncommon
https://assets.venge.io/dagger-toucan-thumbnail.png; Toucan; Dagger; Uncommon
https://assets.venge.io/lilium-flower-charm.png; Lilium's Flower; Charm; Rare
https://assets.venge.io/sniper-plague-thumbnail.png; Plague; Sniper; Rare
https://assets.venge.io/tec-skull-drip-thumbnail.png; Skull Drip; Tec9; Rare
https://assets.venge.io/shotgun-hell-thumbnail.png; Hell; Shotgun; Rare
https://assets.venge.io/shin-ninja-thumbnail.png; Asashin; Shin; Legendary
https://assets.venge.io/scar-gift-thumbnail.png; Scar Gift; Scar; Anniversary
https://assets.venge.io/shotgun-candles-thumbnail.png; Candles; Shotgun; Anniversary
https://assets.venge.io/tec9-gift-thumbnail.png; Gift; Tec9; Anniversary
https://assets.venge.io/scar-celebration-thumbnail.png; Celebration; Scar; Anniversary
https://assets.venge.io/scar-happy-thumbnail.png; Happy; Scar; Anniversary
https://assets.venge.io/m4-celebrated-thumbnail.png; Cake; M4; Anniversary
https://assets.venge.io/tec-accelerator-thumbnail.png; Accelerator; Tec9; Uncommon
https://assets.venge.io/sniper-hawkeye-thumbnail.png; Hawkeye; Sniper; Uncommon
https://assets.venge.io/tec9-sidearm-thumbnail.png; Sidearm; Tec9; Rare
https://assets.venge.io/shotgun-fanatic-thumbnail.png; Fanatic; Shotgun; Uncommon
https://assets.venge.io/scar-army-disbanded-thumbnail.png; Army Disbanded; Scar; Rare
https://assets.venge.io/tec-love-machine-thumbnail.png; Love Machine; Tec9; Mythical
https://assets.venge.io/scar-outcast-rebel-thumbnail.png; Banished; Scar; Common
https://assets.venge.io/shotgun-hunt-season-thumbnail.png; Hunting Season; Shotgun; Common
https://assets.venge.io/sniper-murky-sea-thumbnail.png; Murky; Sniper; Uncommon
https://assets.venge.io/tec-beacon-thumbnail.png; Beacon; Tec9; Uncommon
https://assets.venge.io/sniper-runic-thumbnail.png; Runic; Sniper; Common
https://assets.venge.io/Bananas-Base-thumbnail.png; Banana Bash; Sniper; Mythical
https://assets.venge.io/shotgun-terror-thumbnail.png; Terror; Shotgun; Common
https://assets.venge.io/tec9-vivalafreedom-thumbnail.png; Freedom; Tec9; Uncommon
https://assets.venge.io/deagle-vg-thumbnail.png; VG Deagle; DesertEagle; Rare
https://assets.venge.io/x_graf.png; X Graf; Spray; Rare
https://assets.venge.io/Bullet-Charm.png; Shin's Bullet; Charm; Rare
https://assets.venge.io/shin-clown-thumbnail.png; Shin Clown; Shin; Mythical
https://assets.venge.io/Tec9-tec9-striker-Thumbnail.png; Striker; Tec9; Uncommon
https://assets.venge.io/M4-m4-aftermath-Thumbnail.png; Aftermath; M4; Uncommon
https://assets.venge.io/Desert-Eagle-deagle-productor-Thumbnail.png; Productor; DesertEagle; Rare
https://assets.venge.io/Sniper-Sniper-elite-Thumbnail.png; Elite; Sniper; Rare
https://assets.venge.io/Shotgun-shotgun-pasonic-Thumbnail.png; Pasonic; Shotgun; Rare
https://assets.venge.io/Shotgun-shotgun-metalic-taste-t-Thumbnail.png; Metallic Taste; Shotgun; Rare
https://assets.venge.io/Desert-Eagle-desert-eagle-spacey-Thumbnail.png; Spacey; DesertEagle; Rare
https://assets.venge.io/Shotgun-shotgun-gram-Thumbnail.png; Gram; Shotgun; Legendary
https://assets.venge.io/Lilium-Robotic-Thumbnail.png; Cyborg Lilium; Lilium; Mythical
https://assets.venge.io/Scar-scar-vendingmachine-Thumbnail.png; Vending Machine; Scar; Uncommon
https://assets.venge.io/smiley_graf.png; Smiley; Spray; Uncommon
https://assets.venge.io/Shotgun-shotgun-vaporwave-Thumbnail.png; Vaporwave; Shotgun; Common
https://assets.venge.io/Scar-scar-butterfly-Thumbnail.png; Butterfly; Scar; Uncommon
https://assets.venge.io/Tec9-tec9-synthpunch-Thumbnail.png; Synth Punch; Tec9; Uncommon
https://assets.venge.io/Shotgun-shotgun-fribs-Thumbnail.png; Fribs; Shotgun; Uncommon
https://assets.venge.io/Tec9-tec-torchlight-Thumbnail.png; Torchlight; Tec9; Uncommon
https://assets.venge.io/Vengeance-Thumbnail.png; Vengeance; DesertEagle; Common
https://assets.venge.io/M4-m4-wasteland-fiend-Thumbnail.png; Wasteland Fiend; M4; Rare
https://assets.venge.io/Sniper-sniper-recon-Thumbnail.png; Recon; Sniper; Rare
https://assets.venge.io/Dagger-dagger-fade-Thumbnail.png; Fade; Dagger; Rare
https://assets.venge.io/Lilium-Clown-Thumbnail.png; Lilium Clown; Lilium; Mythical
https://assets.venge.io/Kulu-Thumbnail-1.png; Kulu; Character; Character
https://assets.venge.io/Tec9-tec9-glitch-Thumbnail.png; Glitch; Tec9; Common
https://assets.venge.io/Sniper-sniper-draweffect-Thumbnail.png; Draw Effect; Sniper; Uncommon
https://assets.venge.io/Shotgun-shotgun-airsoft-Thumbnail.png; Airsoft; Shotgun; Uncommon
https://assets.venge.io/M4-m4-gas-guzzler-Thumbnail.png; Gaz Guzzler; M4; Rare
https://assets.venge.io/Sniper-arrow-head-Thumbnail.png; Arrow Head; Sniper; Rare
https://assets.venge.io/Shin-String-Thumbnail.png; Shin String; Shin; Mythical
https://assets.venge.io/Scar-scar-spooky-Thumbnail.png; Spooky Scar; Scar; Rare-Halloween
https://assets.venge.io/AK-47-AK47-Gathering-Thumbnail.png; Gathering; AK47; Legendary-Halloween
https://assets.venge.io/M4-M4-Halloween-Smile-Thumbnail.png; Halloween Smile; M4; Legendary-Halloween
https://assets.venge.io/Scar-Scar-Halloween-Nights-Thumbnail.png; Halloween Nights; Scar; Legendary-Halloween
https://assets.venge.io/AK-47-AK47-Graveyard-Watch-Thumbnail.png; Graveyard Watch; AK47; Legendary-Halloween
https://assets.venge.io/Sniper-sniper-halloween-Thumbnail.png; Sniper Halloween; Sniper; Legendary-Halloween
https://assets.venge.io/Coffin-Charm.png; Coffin; Charm; Rare-Halloween
https://assets.venge.io/WitchHat-Charm.png; Witch Hat; Charm; Rare-Halloween
https://assets.venge.io/Tec9-tec9-witch-1-Thumbnail.png; Witch Tec-9; Tec9; Mythical-Halloween
https://assets.venge.io/M4-m4-halloween-2-Thumbnail.png; Halloween; M4; Mythical-Halloween
https://assets.venge.io/AK-47-ak47-magma-Thumbnail.png; Magma; AK47; Mythical-Halloween
https://assets.venge.io/Kulu-kulu-burnt-Thumbnail.png; Burnt; Kulu; Mythical-Halloween
https://assets.venge.io/ZombieHand-Thumbnail.png; Zombie Hand; Charm; Rare-Halloween
https://assets.venge.io/VoodooDoll-thumbnail.png; Voodoo Doll; Charm; Rare-Halloween
https://assets.venge.io/AK-47-AK47-Wiring-Thumbnail.png; Wiring; AK47; Rare
https://assets.venge.io/AK-47-AK47-Woodsman-Thumbnail.png; Woodsman; AK47; Rare
https://assets.venge.io/AK-47-AK47-Law-Thumbnail.png; Law; AK47; Uncommon
https://assets.venge.io/Desert-Eagle-Deagle-Dispenser-Thumbnail.png; Dispenser; DesertEagle; Common
https://assets.venge.io/M4-M4-Combat-Thumbnail.png; Combat; M4; Rare
https://assets.venge.io/AK-47-ak47-doughnut-1-Thumbnail.png; Doughnut; AK47; Rare
https://assets.venge.io/AK-47-AK47-Slayer-Thumbnail.png; Slayer; AK47; Uncommon
https://assets.venge.io/Sniper-sniper-super-dragon-Thumbnail.png; Super Dragon; Sniper; Rare
https://assets.venge.io/Desert-Eagle-deagle-flowerpot-Thumbnail.png; Flowerpot; DesertEagle; Common
https://assets.venge.io/Shin-T-Rex-Thumbnail.png; T-Rex; Shin; Mythical
https://assets.venge.io/Lilium-Robber-Thumbnail.png; Robber; Lilium; Mythical
https://assets.venge.io/AK-47-AK47-Glitch-Thumbnail.png; Glitch; AK47; Uncommon
https://assets.venge.io/Desert-Eagle-deagle-caution-Thumbnail.png; Caution; DesertEagle; Common
https://assets.venge.io/Sniper-sniper-crash-test-Thumbnail.png; Crash Test; Sniper; Common
https://assets.venge.io/Shin-skunta-Thumbnail.png; Skunta; Shin; Mythical
https://assets.venge.io/M4-m4-sweet-christmas-Thumbnail.png; Sweet Dreams; M4; Xmas
https://assets.venge.io/Desert-Eagle-Deagle-Xmas-Happiness-Thumbnail.png; Xmas Happiness; DesertEagle; Xmas
https://assets.venge.io/AK-47-AK-47-Xmas-Happiness-1-Thumbnail.png; Xmas Happiness AK47; AK47; Xmas
https://assets.venge.io/Shotgun-shotgun-suprise-1-Thumbnail.png; Surprise; Shotgun; Xmas
https://assets.venge.io/Lilium-lilium-mrs-Thumbnail.png; Mrs. Claus; Lilium; Xmas
https://assets.venge.io/Shin-Snowman-Thumbnail.png; Shin Snowman; Shin; Xmas
https://assets.venge.io/AK-47-AK-Snowman-Thumbnail.png; Blizzard; AK47; Xmas
https://assets.venge.io/Dagger-dagger-holiday-slice-Thumbnail.png; Festive Slice; Dagger; Xmas
https://assets.venge.io/Christmas-Hat-Thumbnail.png; Christmas Hat; Charm; Xmas
https://assets.venge.io/LMG-LMG-Xmas-Happiness-1-Thumbnail.png; Xmas Happiness; LMG; Xmas
https://assets.venge.io/Sniper-sniper-frozen-carrot-Thumbnail.png; Frozen Carrot; Sniper; Xmas
https://assets.venge.io/Scar-hypothermia-Thumbnail.png; Hypothermia Scar; Scar; Discord
https://assets.venge.io/Sniper-hypothermia-Thumbnail.png; Hypothermia Sniper; Sniper; Discord
https://assets.venge.io/Shotgun-hypothermia-Thumbnail.png; Hypothermia Shotgun; Shotgun; Discord
https://assets.venge.io/Tec9-hypothermia-Thumbnail.png; Hypothermia Tec9; Tec9; Discord
https://assets.venge.io/M4-hypothermia-Thumbnail.png; Hypothermia M4; M4; Discord
https://assets.venge.io/LMG-hypothermia-Thumbnail.png; Hypothermia LMG; LMG; Discord
https://assets.venge.io/Desert-Eagle-hypothermia-Thumbnail.png; Hypothermia Desert Eagle; DesertEagle; Discord
https://assets.venge.io/Dagger-hypothermia-Thumbnail.png; Hypothermia Dagger; Dagger; Discord
https://assets.venge.io/AK-47-hypothermia-Thumbnail.png; Hypothermia AK-47; AK47; Discord
https://assets.venge.io/AK-47-AK47-Friends-Thumbnail.png; Friends; AK47; Common
https://assets.venge.io/Desert-Eagle-deagle-cyborg-Thumbnail.png; Cyborg; DesertEagle; Uncommon
https://assets.venge.io/M4-m4-overdrive-Thumbnail.png; Overdrive; M4; Uncommon
https://assets.venge.io/Shotgun-shotgun-fishbone-Thumbnail.png; Fishbone; Shotgun; Uncommon
https://assets.venge.io/Desert-Eagle-deagle-power-level-Thumbnail.png; Power Level; DesertEagle; Uncommon
https://assets.venge.io/Tec9-tec-driller-Thumbnail.png; Driller; Tec9; Rare
https://assets.venge.io/Sniper-sniper-bazinga-Thumbnail.png; Bazinga; Sniper; Rare
https://assets.venge.io/Shotgun-shotgun-madboyX-Thumbnail.png; Madboy; Shotgun; Uncommon
https://assets.venge.io/Scar-scar-twirl-Thumbnail.png; Twirl; Scar; Rare
https://assets.venge.io/Desert-Eagle-deagle-phoenix-Thumbnail.png; Phoenix; DesertEagle; Rare
https://assets.venge.io/Tec-9-EyeFlow-Thumbnail.png; EyeFlow; Tec9; Mythical
https://assets.venge.io/Echo-Leo-Thumbnail.png; Leo; Echo; Mythical
https://assets.venge.io/; Meta's Skin; Scar; Meta-Rarity
https://assets.venge.io/Sniper-Present-Thumbnail.png; Present; Sniper; Mythical
https://assets.venge.io/Shotgun-Makeup-Thumbnail.png; Make-up; Shotgun; Mythical
https://assets.venge.io/Kulu-Model-Eros-Thumbnail.png; Kulu Eros; Kulu; Mythical
https://assets.venge.io/Echo-Model-RoboLove-Thumbnail.png; Companion Bot; Echo; Mythical
https://assets.venge.io/scar-roux-Thumbnail.png; Roux; Scar; Rare
https://assets.venge.io/scar-goodnight-Thumbnail.png; Goodnight; Scar; Rare
https://assets.venge.io/Shotgun-shotgun-balance-Thumbnail.png; Balance; Shotgun; Rare
https://assets.venge.io/Tec9-tec-9-rejected-Thumbnail.png; Rejected; Tec9; Rare
https://assets.venge.io/DesertEagle-Banana-Thumbnail.png; Banana; DesertEagle; Legendary
https://assets.venge.io/DesertEagle-Caution-Thumbnail.png; Caution; DesertEagle; Rare
https://assets.venge.io/DesertEagle-Classic-Thumbnail.png; Classic; DesertEagle; Common
https://assets.venge.io/DesertEagle-Disco-Thumbnail.png; Disco; DesertEagle; Common
https://assets.venge.io/DesertEagle-PolishedSteel-Thumbnail.png; PolishedSteel; DesertEagle; Uncommon
https://assets.venge.io/DesertEagle-PrecisionX-Thumbnail.png; PrecisionX; DesertEagle; Common
https://assets.venge.io/DesertEagle-Productor-Thumbnail.png; Productor; DesertEagle; Common
https://assets.venge.io/DesertEagle-RiotControl-Thumbnail.png; RiotControl; DesertEagle; Common
https://assets.venge.io/DesertEagle-SavannaExplorer-Thumbnail.png; SavannaExplorer; DesertEagle; Common
https://assets.venge.io/DesertEagle-ShadowBlaze-Thumbnail.png; ShadowBlaze; DesertEagle; Rare
https://assets.venge.io/DesertEagle-Swamp-Thumbnail.png; Swamp; DesertEagle; Uncommon
https://assets.venge.io/Echo-Archer-Thumbnail.png; Archer; Echo; Mythical
https://assets.venge.io/Dagger-Rarity-Thumbnail.png; Sharp; Dagger; Common
https://assets.venge.io/DesertEagle-FlowerPot-Thumbnail.png; FlowerPot; DesertEagle; Common
https://assets.venge.io/Echo-Clown-Thumbnail.png; Clown; Echo; Mythical
https://assets.venge.io/Echo-Dally-Thumbnail.png; Dally; Echo; Mythical
https://assets.venge.io/Echo-Freedom-Thumbnail.png; Freedom; Echo; Mythical
https://assets.venge.io/Echo-Medic-Thumbnail.png; Medic; Echo; Mythical
https://assets.venge.io/Echo-Race-Thumbnail.png; Echo Race; Echo; Rare
https://assets.venge.io/Echo-TeddyHeart-Thumbnail.png; TeddyHeart; Echo; Mythical
https://assets.venge.io/Echo-Zombie-Thumbnail.png; Echo Zombie; Echo; Mythical
https://assets.venge.io/Lilium-Graf-Thumbnail.png; Lilium Graf; Lilium; Mythical
https://assets.venge.io/Lilium-Simy-Thumbnail.png; Simy; Lilium; Mythical
https://assets.venge.io/LMG-Chukka-Thumbnail.png; Chukka; LMG; Common
https://assets.venge.io/LMG-Dash-Thumbnail.png; Dash; LMG; Common
https://assets.venge.io/LMG-DirtyBusiness-Thumbnail.png; Dirty Business; LMG; Uncommon
https://assets.venge.io/LMG-Planter-Thumbnail.png; Planter; LMG; Common
https://assets.venge.io/LMG-PolarOperations-Thumbnail.png; Polar Operations; LMG; Rare
https://assets.venge.io/LMG-Ratata-Thumbnail.png; Ratata; LMG; Uncommon
https://assets.venge.io/LMG-Royal-Thumbnail.png; Royal; LMG; Legendary
https://assets.venge.io/LMG-Shadow-Thumbnail.png; Shadow; LMG; Common
https://assets.venge.io/LMG-SuperAtomic-Thumbnail.png; Super Atomic; LMG; Legendary
https://assets.venge.io/M4-BattleRifle-Thumbnail.png; Battle Rifle; M4; Uncommon
https://assets.venge.io/M4-Blizzard-Thumbnail.png; Blizzard; M4; Common
https://assets.venge.io/M4-ClownBusiness-Thumbnail.png; ClownBusiness; M4; Rare
https://assets.venge.io/M4-Coalition-Thumbnail.png; Coalition; M4; Common
https://assets.venge.io/M4-Deadline-Thumbnail.png; Deadline; M4; Uncommon
https://assets.venge.io/M4-Dynasty-Thumbnail.png; Dynasty; M4; Common
https://assets.venge.io/M4-Galaxy-Thumbnail.png; Galaxy; M4; Common
https://assets.venge.io/M4-GentleTouch-Thumbnail.png; Gentle Touch; M4; Common
https://assets.venge.io/M4-Hawk-Thumbnail.png; Hawk; M4; Uncommon
https://assets.venge.io/M4-NeonTech-Thumbnail.png; NeonTech; M4; Rare
https://assets.venge.io/M4-Resist-Thumbnail.png; Resist; M4; Rare
https://assets.venge.io/M4-Resistance-Thumbnail.png; Resistance; M4; Common
https://assets.venge.io/M4-Warpaint-Thumbnail.png; Warpaint; M4; Legendary
https://assets.venge.io/Scar-Bubbly-Thumbnail.png; Bubbly; Scar; Rare
https://assets.venge.io/Scar-Coalition-Thumbnail.png; Coalition; Scar; Uncommon
https://assets.venge.io/Scar-Dreadnaught-Thumbnail.png; Dreadnaught; Scar; Common
https://assets.venge.io/Scar-EnergyCrystals-Thumbnail.png; Energy Crystals; Scar; Uncommon
https://assets.venge.io/Scar-EvilSpirit-Thumbnail.png; Evil Spirit; Scar; Common
https://assets.venge.io/Scar-Fantom-Thumbnail.png; Fantom; Scar; Uncommon
https://assets.venge.io/Scar-GeoDash-Thumbnail.png; GeoDash; Scar; Uncommon
https://assets.venge.io/Scar-Illusion-Thumbnail.png; Illusion; Scar; Common
https://assets.venge.io/Scar-Hell-Thumbnail.png; Scar Hell; Scar; Uncommon
https://assets.venge.io/Scar-Labirinthian-Thumbnail.png; Labirinthian; Scar; Rare
https://assets.venge.io/Scar-Marshy-Thumbnail.png; Marshy; Scar; Common
https://assets.venge.io/Scar-NightLife-Thumbnail.png; Night Life; Scar; Rare
https://assets.venge.io/Scar-OutcastRebel-Thumbnail.png; Outcast Rebel; Scar; Uncommon
https://assets.venge.io/Scar-Outrider-Thumbnail.png; Outrider; Scar; Uncommon
https://assets.venge.io/Scar-RaceDay-Thumbnail.png; RaceDay; Scar; Common
https://assets.venge.io/Scar-SpaceExplorer-Thumbnail.png; Space Explorer; Scar; Common
https://assets.venge.io/Scar-Underwater-Thumbnail.png; Underwater; Scar; Uncommon
https://assets.venge.io/Shin-Cookie-Thumbnail.png; Cookie; Shin; Mythical
https://assets.venge.io/Shin-Midnight-Thumbnail.png; Midnight; Shin; Mythical
https://assets.venge.io/Shin-Starman-Thumbnail.png; Starman; Shin; Mythical
https://assets.venge.io/Shin-Immortal-Thumbnail.png; Immortal; Shin; Mythical
https://assets.venge.io/Shin-LightPasser-Thumbnail.png; LightPasser; Shin; Mythical
https://assets.venge.io/Shin-Mummy-Thumbnail.png; Mummy; Shin; Mythical
https://assets.venge.io/Shotgun-Amazonas-Thumbnail.png; Amazonas; Shotgun; Rare
https://assets.venge.io/Shotgun-BattleMedic-Thumbnail.png; BattleMedic; Shotgun; Common
https://assets.venge.io/Shotgun-BeastMode-Thumbnail.png; BeastMode; Shotgun; Uncommon
https://assets.venge.io/Shotgun-BlueCompany-Thumbnail.png; Blue Company; Shotgun; Uncommon
https://assets.venge.io/Shotgun-CrimeScene-Thumbnail.png; Crime Scene; Shotgun; Common
https://assets.venge.io/Shotgun-DoorKicker-Thumbnail.png; Door Kicker; Shotgun; Common
https://assets.venge.io/Shotgun-Engraved-Thumbnail.png; Engraved; Shotgun; Uncommon
https://assets.venge.io/Shotgun-Floral-Thumbnail.png; Floral; Shotgun; Common
https://assets.venge.io/Shotgun-Funkster-Thumbnail.png; Funkster; Shotgun; Uncommon
https://assets.venge.io/Shotgun-Grafitti-Thumbnail.png; Grafitti; Shotgun; Common
https://assets.venge.io/Shotgun-HeatedMetal-Thumbnail.png; Heated Metal; Shotgun; Uncommon
https://assets.venge.io/Shotgun-HuntSeason-Thumbnail.png; Hunt Season; Shotgun; Common
https://assets.venge.io/Shotgun-LoveEffect-Thumbnail.png; Love Effect; Shotgun; Uncommon
https://assets.venge.io/Shotgun-Overload-Thumbnail.png; Overload; Shotgun; Common
https://assets.venge.io/Shotgun-Shockwave-Thumbnail.png; Shockwave; Shotgun; Rare
https://assets.venge.io/Shotgun-StraightPipe-Thumbnail.png; StraightPipe; Shotgun; Uncommon
https://assets.venge.io/Shotgun-Veles-Thumbnail.png; Veles; Shotgun; Common
https://assets.venge.io/Sniper-AncientMagic-Thumbnail.png; Ancient Magic; Sniper; Uncommon
https://assets.venge.io/Sniper-ArmorPiercing-Thumbnail.png; Armor Piercing; Sniper; Common
https://assets.venge.io/Sniper-Art-Thumbnail.png; Art; Sniper; Uncommon
https://assets.venge.io/Sniper-EmeraldScales-Thumbnail.png; Emerald Scales; Sniper; Rare
https://assets.venge.io/Sniper-HellStorm-Thumbnail.png; HellStorm; Sniper; Common
https://assets.venge.io/Sniper-LiquifiedBeauty-Thumbnail.png; Liquified Beauty; Sniper; Uncommon
https://assets.venge.io/Sniper-MurkySea-Thumbnail.png; Murky Sea; Sniper; Common
https://assets.venge.io/Sniper-NightStalker-Thumbnail.png; NightStalker; Sniper; Rare
https://assets.venge.io/Sniper-PewPewGun-Thumbnail.png; PewPewGun; Sniper; Uncommon
https://assets.venge.io/Sniper-Precision-Thumbnail.png; Precision; Sniper; Legendary
https://assets.venge.io/Sniper-RainbowMadness-Thumbnail.png; Rainbow Madness; Sniper; Rare
https://assets.venge.io/Sniper-Runic-Thumbnail.png; Runic; Sniper; Uncommon
https://assets.venge.io/Sniper-SecretSociety-Thumbnail.png; Secret Society; Sniper; Common
https://assets.venge.io/Sniper-Showoff-Thumbnail.png; Showoff; Sniper; Legendary
https://assets.venge.io/Sniper-StarTrack-Thumbnail.png; StarTrack; Sniper; Common
https://assets.venge.io/Sniper-Tormentor-Thumbnail.png; Tormentor; Sniper; Rare
https://assets.venge.io/Sniper-ToughFire-Thumbnail.png; Tough Fire; Sniper; Uncommon
https://assets.venge.io/Sniper-Flow-Thumbnail.png; Flow; Sniper; Common
https://assets.venge.io/Sniper-Ultrasonic-Thumbnail.png; Ultrasonic; Sniper; Rare
https://assets.venge.io/Sniper-Verra-Thumbnail.png; Verra; Sniper; Common
https://assets.venge.io/Sniper-VeteranMarksman-Thumbnail.png; Veteran Marksman; Sniper; Uncommon
https://assets.venge.io/Sniper-Vision-Thumbnail.png; Vision; Sniper; Common
https://assets.venge.io/Tec9-Monster-Thumbnail.png; Monster; Tec9; Legendary
https://assets.venge.io/Tec9-Watery-Thumbnail.png; Watery; Tec9; Common
https://assets.venge.io/Tec9-AlienObduction-Thumbnail.png; Alien Obduction; Tec9; Common
https://assets.venge.io/Tec9-ChildsToy-Thumbnail.png; ChildsToy; Tec9; Common
https://assets.venge.io/Tec9-Cool-Thumbnail.png; Cool; Tec9; Common
https://assets.venge.io/Tec9-Devastator-Thumbnail.png; Devastator; Tec9; Legendary
https://assets.venge.io/Tec9-Garden-Thumbnail.png; Garden; Tec9; Uncommon
https://assets.venge.io/Tec9-Joy-Thumbnail.png; Joy; Tec9; Common
https://assets.venge.io/Tec9-Lego-Thumbnail.png; Lego; Tec9; Uncommon
https://assets.venge.io/Tec9-Mech-Thumbnail.png; Mech; Tec9; Legendary
https://assets.venge.io/Tec9-Prey-Thumbnail.png; Prey; Tec9; Common
https://assets.venge.io/Tec9-Beacon-Thumbnail.png; Beacon; Tec9; Uncommon
https://assets.venge.io/Tec9-ElectricEliminator-Thumbnail.png; ElectricEliminator; Tec9; Common
https://assets.venge.io/Tec9-FireGun-Thumbnail.png; FireGun; Tec9; Uncommon
https://assets.venge.io/Tec9-GasAttack-Thumbnail.png; Gas Attack; Tec9; Rare
https://assets.venge.io/Tec9-LethalDose-Thumbnail.png; Lethal Dose; Tec9; Uncommon
https://assets.venge.io/Tec9-Lurker-Thumbnail.png; Lurker; Tec9; Legendary
https://assets.venge.io/Tec9-PlagueCarrier-Thumbnail.png; Plague Carrier; Tec9; Legendary
https://assets.venge.io/Tec9-Tigress-Thumbnail.png; Tigress; Tec9; Common
https://assets.venge.io/DesertEagle-FlowerPot-Thumbnail.png; FlowerPot; DesertEagle; Common
https://assets.venge.io/Shin-Pirate-Thumbnail.png; Pirate; Shin; Mythical
https://assets.venge.io/shotgun-Pirate-rawr-Thumbnail.png; Rawr; Shotgun; Legendary
https://assets.venge.io/Dragon-ScarSkin-Thumbnail.png; Dragon; Scar; Legendary
https://assets.venge.io/Vortex-ScarSkin-Thumbnail.png; Vortex; Scar; Rare
https://assets.venge.io/Cake-Charm-Thumbnail.png; Cake Charm; Charm; Anniversary
https://assets.venge.io/Cupcake-Charm-Thumbnail.png; Cupcake Charm; Charm; Anniversary
https://assets.venge.io/VGold-Charm-Thumbnail.png; V Gold; Charm; Anniversary
https://assets.venge.io/Ballons-Charm-Thumbnail.png; Ballons Charm; Charm; Anniversary
https://assets.venge.io/VIron-Charm-Thumbnail.png; V-Iron; Charm; Anniversary
https://assets.venge.io/x2-Charm-Thumbnail.png; 2x Charm; Charm; Anniversary
https://assets.venge.io/Shotgun-Heat-Thumbnail.png; Heat - Shotgun; Shotgun; Legendary
https://assets.venge.io/Sniper-Heat-Thumbnail.png; Heat - Sniper; Sniper; Legendary
https://assets.venge.io/Scar-Heat-Thumbnail.png; Heat - Scar; Scar; Legendary
https://assets.venge.io/Tec9-Heat-Thumbnail.png; Heat - Tec9; Tec9; Legendary
https://assets.venge.io/M4-Heat-Thumbnail.png; Heat - M4; M4; Legendary
https://assets.venge.io/Deagle-Heat-Thumbnail.png; Heat - Deagle; DesertEagle; Legendary
https://assets.venge.io/EchoKiller-Charm-Thumbnail.png; Echo Killer; Charm; Legendary
https://assets.venge.io/MagicTree-Thumbnail.png; Magic Tree; Shotgun; Legendary
https://assets.venge.io/LiliumKiller-Charm-Thumbnail.png; Lilium Killer; Charm; Legendary
https://assets.venge.io/Pumpkin2022-Charm-Thumbnail.png; Pumpkin 2022; Charm; Legendary
https://assets.venge.io/Shin-Warrior-Thumbnail.png; Warrior; Shin; Mythical
https://assets.venge.io/Echo-Jester-Thumbnail.png; Jester; Echo; Mythical
https://assets.venge.io/KuluEgyptian-Thumbnail.png; Egyptian; Kulu; Mythical
https://assets.venge.io/ShinKiller-Charm-Thumbnail.png; Shin Killer; Charm; Legendary
https://assets.venge.io/HuntersRelic-Thumbnail.png; Hunter's Relic; Sniper; Mythical
https://assets.venge.io/LiliumDragon-Thumbnail.png; Dragon; Lilium; Mythical
https://assets.venge.io/DeagleDragon-Thumbnail.png; Deagle Dragon; DesertEagle; Mythical
https://assets.venge.io/Scar-scar-toy-army-Thumbnail.png; Toy Army; Scar; Uncommon
https://assets.venge.io/M4-m4-space-tiles-Thumbnail.png; Space Tiles; M4; Rare
https://assets.venge.io/M4-m4-royal-paladin-Thumbnail.png; Royal Paladin; M4; Rare
https://assets.venge.io/LMG-lmg-modern-war-Thumbnail.png; Modern War; LMG; Legendary
https://assets.venge.io/Sniper-sniper-turbolight-Thumbnail.png; TurboLight; Sniper; Legendary
https://assets.venge.io/AK47-ak-millennium-Thumbnail.png; Millennium; AK47; Legendary
https://assets.venge.io/AK47-ColdCandy-Thumbnail.png; Cold Candy AK47; AK47; Legendary
https://assets.venge.io/Deagle-ColdCandy-Thumbnail.png; Cold Candy Deagle; DesertEagle; Rare
https://assets.venge.io/Echo-Christmas2022.png; Echo Deer; Echo; Mythical
https://assets.venge.io/Ginger-Grinch.png; Ginger Grinch; Kulu; Mythical
https://assets.venge.io/Lilium-Noel-Thumbnail.png; Noel Lilium; Lilium; Mythical
https://assets.venge.io/M4-ColdCandy-Thumbnail.png; Cold Candy M4; M4; Rare
https://assets.venge.io/Scar-ColdCandy-Thumbnail.png; Cold Candy Scar; Scar; Uncommon
https://assets.venge.io/Shotgun-Christmas2022.png; Cold Candy Shotgun; Shotgun; Common
https://assets.venge.io/Sniper-ColdCandy-Thumbnail.png; Cold Candy Sniper; Sniper; Legendary
https://assets.venge.io/Snowman-2_0-Thumbnail.png; Snowman 2.0; Shin; Mythical
https://assets.venge.io/Tec9-ColdCandy-Thumbnail.png; Cold Candy Tec9; Tec9; Uncommon
https://assets.venge.io/Tec-9-Valentine-2023-Thumbnail.png; Valentine Tec-9; Tec9; Legendary
https://assets.venge.io/AK-47-Valentine-2023-Thumbnail.png; Valentine AK-47; AK47; Legendary
https://assets.venge.io/Deagle-Valentine-2023-Thumbnail.png; Valentine Deagle; DesertEagle; Legendary
https://assets.venge.io/M4-Valentine-2023-Thumbnail.png; Valentine M4; M4; Legendary
https://assets.venge.io/Scar-Valentine-2023-Thumbnail.png; Valentine Scar; Scar; Legendary
https://assets.venge.io/Shotgun-Valentine-2023-Thumbnail.png; Valentine Shotgun; Shotgun; Legendary
https://assets.venge.io/Sniper-Valentine-2023-Thumbnail.png; Valentine Sniper; Sniper; Legendary
https://assets.venge.io/AK-Surprise-Thumbnail.png; AK47 Surprise; AK47; Legendary
https://assets.venge.io/CandyRush-Thumbnail.png; Candy Rush; Tec9; Legendary
https://assets.venge.io/Sweety-Thumbnail.png; Sweety Sniper; Sniper; Legendary
https://assets.venge.io/Anniversary-3rd-Charm.png; 3rd Anniversary; Charm; Legendary
https://assets.venge.io/Gift-3rd-Charm.png; 3rd Gift; Charm; Legendary
https://assets.venge.io/Tag-3rd-Charm.png; 3rd Tag; Charm; Legendary
https://assets.venge.io/Venge-3rd-Charm.png; 3rd Venge Charm; Charm; Legendary
https://assets.venge.io/AK47-Paramilitary-Thumbnail.png; Paramilitary; AK47; Legendary
https://assets.venge.io/AK47-Briz-Thumbnail.png; Briz; AK47; Legendary
https://assets.venge.io/AK47-Dragon-Thumbnail.png; Dragon; AK47; Legendary
https://assets.venge.io/AK47-Doxic-Thumbnail.png; Doxic; AK47; Legendary
https://assets.venge.io/Halloween-Tec9-Spike-Thumbnail.png; Tec-9 Spike Halloween; Tec9; Legendary
https://assets.venge.io/Shotgun-Hellraiser-Thumbnail.png; Shotgun Hellraiser; Shotgun; Legendary
https://assets.venge.io/Sniper-Abyss-Thumbnail.png; Halloween Abyss; Sniper; Legendary
https://assets.venge.io/Scar-Christmas-2023-Thumbnail.png; Christmas Bells; Scar; Legendary
https://assets.venge.io/Tec9-Christmas-2023-Thumbnail.png; Christmas Bells; Tec9; Legendary
https://assets.venge.io/AK47-Christmas-2023-Thumbnail.png; Christmas Bells; AK47; Legendary
https://assets.venge.io/Shotgun-Christmas-2023-Thumbnail.png; Christmas Bells; Shotgun; Legendary
https://assets.venge.io/Lilium-Snowoman-2023-Thumbnail.png; Lilium Snowoman; Lilium; Mythical
https://assets.venge.io/Echo-Snowman-2023-Thumbnail.png; Echo Snowman; Echo; Mythical
https://assets.venge.io/Kulu-Snowman-2023-Thumbnail.png; Kulu Snowman; Kulu; Mythical
https://assets.venge.io/; ?; Shin; Stishka
https://assets.venge.io/Desert-Eagle-Christmas-2023-Thumbnail.png; Christmas Bells; DesertEagle; Legendary
https://assets.venge.io/M4-Christmas-2023-Thumbnail.png; Christmas Bells; M4; Legendary
https://assets.venge.io/Sniper-Christmas-2023-Thumbnail.png; Christmas Bells; Sniper; Legendary
https://assets.venge.io/AWP-Christmas-2023-Thumbnail.png; Christmas Bells; AWP; Legendary
https://assets.venge.io/AWP-Viper-Thumbnail-3.png; Viper; AWP; Legendary
https://assets.venge.io/Scar-Viper-Thumbnail.png; Viper; Scar; Legendary
https://assets.venge.io/AWP-Dragon-Thumbnail-3.png; Dragon; AWP; Legendary
https://assets.venge.io/Blushing-Emoji-Thumbnail.png; Blushing Emoji; Charm; Mythical
https://assets.venge.io/Clown-Emoji-Thumbnail.png; Clown Emoji; Charm; Mythical
https://assets.venge.io/Cringe-Emoji-Thumbnail.png; Cringe Emoji; Charm; Mythical
https://assets.venge.io/Crying-Emoji-Thumbnail.png; Crying Emoji; Charm; Mythical
https://assets.venge.io/Evil-Emoji-Thumbnail.png; Evil Emoji; Charm; Mythical
https://assets.venge.io/Heart-Eyes-Emoji-Thumbnail.png; Heart Eyes Emoji; Charm; Mythical
https://assets.venge.io/Nerd-Emoji-Thumbnail.png; Nerd Emoji; Charm; Mythical
https://assets.venge.io/Party-Emoji-Thumbnail.png; Party Emoji; Charm; Mythical
https://assets.venge.io/Scared-Emoji-Thumbnail.png; Scared Emoji; Charm; Mythical
https://assets.venge.io/Smirk-Emoji-Thumbnail.png; Smirk Emoji; Charm; Mythical
https://assets.venge.io/Lilium-Diamond-Thumbnail.png; Diamond; Lilium; Mythical
https://assets.venge.io/Shin-Diamond-Thumbnail.png; Diamond; Shin; Mythical
https://assets.venge.io/Echo-Diamond-Thumbnail.png; Diamond; Echo; Mythical
https://assets.venge.io/Kulu-Diamond-Thumbnail.png; Diamond; Kulu; Mythical
https://assets.venge.io/Scar-Diamond-Thumbnail.png; Diamond; Scar; Mythical
https://assets.venge.io/AWP-Diamond-Thumbnail.png; Diamond; AWP; Mythical
https://assets.venge.io/Shotgun-Diamond-Thumbnail.png; Diamond; Shotgun; Mythical
https://assets.venge.io/Tec9-Diamond-Thumbnail.png; Diamond; Tec9; Mythical
https://assets.venge.io/Sniper-Diamond-Thumbnail.png; Diamond; Sniper; Mythical
https://assets.venge.io/Charm-Diamond-Thumbnail.png; Diamond; Charm; Mythical
https://assets.venge.io/Shin-Hawaian-Thumbnail-2.png; Hawaiian; Shin; Mythical
https://assets.venge.io/Echo-Hawaian-Thumbnail.png; Hawaiian; Echo; Mythical
https://assets.venge.io/Kulu-Hawaian-Thumbnail.png; Hawaiian; Kulu; Mythical
https://assets.venge.io/Lilium-Hawaian-Thumbnail.png; Hawaiian; Lilium; Mythical
https://assets.venge.io/Charm-Summer-Vibe-Thumbnail.png; Summer Vibe; Charm; Legendary
https://assets.venge.io/Charm-Lifebuoy-Thumbnail.png; Lifebuoy; Charm; Uncommon
https://assets.venge.io/Charm-Ice-Cream-Chocolate-Thumbnail.png; Chocolate Ice Cream; Charm; Uncommon
https://assets.venge.io/Charm-Ice-Cream-Berry-Thumbnail.png; Berry Ice Cream; Charm; Uncommon
https://assets.venge.io/Charm-Coconut-Milk-Thumbnail.png; Coconut Milk; Charm; Rare
https://assets.venge.io/Kill-Message-Full-Thumbnail.png; No escape!; KillMessage; Rare
https://assets.venge.io/Kill-Message-Full-Thumbnail.png; Chill a bit, okay?; KillMessage; Rare
https://assets.venge.io/Kill-Message-Full-Thumbnail.png; The power of Diamond; KillMessage; Rare
https://assets.venge.io/Kill-Message-Full-Thumbnail.png; M I S C L I C K; KillMessage; Rare
https://assets.venge.io/Kill-Message-Full-Thumbnail.png; The end.; KillMessage; Rare
https://assets.venge.io/Echo-Demon-Thumbnail.png; Demon; Echo; Mythical
https://assets.venge.io/Shin-Samurai-Thumbnail.png; Samurai; Shin; Mythical
https://assets.venge.io/Lillium-Wizard-Thumbnail.png; Wizard; Lilium; Mythical
https://assets.venge.io/Kulu-MagmaVeins-Thumbnail.png; Magma Veins; Kulu; Mythical
https://assets.venge.io/Scar-MagmaVeins-Thumbnail.png; Magma Veins; Scar; Mythical
https://assets.venge.io/M4-MagmaVeins-Thumbnail.png; Magma Veins; M4; Mythical
https://assets.venge.io/AK47-MagmaVeins-Thumbnail.png; Magma Veins; AK47; Mythical
https://assets.venge.io/Shotgun-MagmaVeins-Thumbnail.png; Magma Veins; Shotgun; Mythical
https://assets.venge.io/Sniper-MagmaVeins-Thumbnail.png; Magma Veins; Sniper; Mythical
https://assets.venge.io/Tec9-MagmaVeins-Thumbnail.png; Magma Veins; Tec9; Mythical
https://assets.venge.io/Deagle-MagmaVeins-Thumbnail.png; Magma Veins; DesertEagle; Mythical
https://assets.venge.io/Charm-Cocktail-Thumbnail.png; Cocktail; Charm; Rare
https://assets.venge.io/Charm-Ghost-Thumbnail.png; Ghost; Charm; Rare
https://assets.venge.io/Charm-Tooh-Thumbnail.png; Tooh; Charm; Uncommon
https://assets.venge.io/Charm-Memories-Thumbnail.png; Memories; Charm; Legendary
https://assets.venge.io/Kill-Message-Full-Thumbnail.png; I'm sorry; KillMessage; Rare
https://assets.venge.io/Kill-Message-Full-Thumbnail.png; Bruh...; KillMessage; Rare
https://assets.venge.io/Kill-Message-Full-Thumbnail.png; ???; KillMessage; Legendary
https://assets.venge.io/Kill-Message-Full-Thumbnail.png; Clipped!; KillMessage; Legendary
https://assets.venge.io/Kill-Message-Full-Thumbnail.png; Happy New Year!; KillMessage; Rare
https://assets.venge.io/Kill-Message-Full-Thumbnail.png; First game?; KillMessage; Legendary
https://assets.venge.io/Kill-Message-Full-Thumbnail.png; Get off!; KillMessage; Legendary